Linking page,Last crawled
http://4bg.info/index.php?s=A&c=0&search=%EF%BF%BD%EF%BF%BD%EF%BF%BD&p=12921,2026-03-07
http://ukazatel.bg/search.html?what=%D0%BA%D0%B0%D1%84%D0%B5&where&page=2/,2026-03-07
"http://ukazatel.bg/search.html?what= 
%D0%B0%D0%B2%D1%82%D0%BE%D0%BC%D0%B0%D1%82%D0%B8&where&page=4/",2026-03-05
http://4bg.info/index.php?s=H&c=0&search=PR&p=10881,2026-03-02
https://gbg.bg/ukazatel/mashini_i_oborudvane/r/127/,2026-03-01
http://4bg.info/index.php?s=P&c=0&search=PR&p=10901,2026-02-27
http://4bg.info/index.php?s=H&c=0&search=%EF%BF%BD%EF%BF%BD%EF%BF%BD%EF%BF%BD%EF%BF%BD%EF%BF%BD&p=361,2026-02-24
http://mcu-bg.com/mcu_site//viewtopic.php?f=6&t=17781&start=0,2026-02-24
https://gbg.bg/ukazatel/mashini_i_oborudvane/r/135/,2026-02-20
http://4bg.info/index.php?s=H&c=0&search=%EF%BF%BD%EF%BF%BD%EF%BF%BD&p=10901,2026-02-11
https://www.waze.com/cs/live-map/directions/bg/sofia-city-province/sofia/prodazhba-i-serviz-na-kafe-mashini-vtora-ruka?to=place.ChIJEV1iQViFqkARGWs_booHRbc,2026-02-10
http://4bg.info/index.php?c=24&p=902,2026-02-09
http://4bg.info/index.php?s=H&c=0&search=%EF%BF%BD%EF%BF%BD&p=10861,2026-02-09
http://4bg.info/index.php?s=A&c=24&p=461,2026-02-07
http://4bg.info/index.php?s=H&c=24&p=261,2026-02-07
http://4bg.info/index.php?search=%EF%BF%BD%EF%BF%BD%EF%BF%BD%EF%BF%BD%EF%BF%BD%EF%BF%BD%EF%BF%BD%EF%BF%BD&p=4501,2026-02-07
https://bg.near-place.com/home_goods_store-nearby-prodazba-i-serviz-na-kafe-masini-vtora-rka-ulitsa-sliven-23-sofia/es,2026-02-07
http://4bg.info/index.php?s=H&c=0&search=dc&p=10871,2026-02-01
http://4bg.info/index.php?s=H&c=0&search=%EF%BF%BD%EF%BF%BD%EF%BF%BD%EF%BF%BD%EF%BF%BD%EF%BF%BD&p=401,2026-01-31
http://4bg.info/index.php?s=P&c=0&search=gsm&p=10901,2026-01-27
https://bg.near-place.com/prodazba-i-serviz-na-kafe-masini-vtora-rka-ulitsa-sliven-23-sofia/es,2026-01-17
http://ukazatel.bg/search.html?what= Bosch&where&page=2/,2026-01-14
https://bg.near-place.com/home_goods_store-nearby-prodazba-i-serviz-na-kafe-masini-vtora-rka-ulitsa-sliven-23-sofia/pl,2026-01-12
https://101kofemashina.ru/wp-content/uploads/2015/03/,2026-01-11
"http://ukazatel.bg/search.html?what= 
%D0%B2%D0%BD%D0%BE%D1%81&where&page=104/",2026-01-10
http://ukazatel.bg/search.html?what= bosch&where&page=2/,2026-01-10
http://4bg.info/index.php?search=dc&p=19501,2026-01-09
http://ukazatel.bg/search.html?what= Siemens&where&page=3/,2026-01-09
https://www.coffee-automat.ru/info/instruktsii-kofemashin-delonghi/,2026-01-07
http://4bg.info/index.php?c=0&s=P&search=dc&p=10861,2026-01-04
https://hardwarebg.com/forum/showthread.php?p=3334738,2026-01-03
http://4bg.info/index.php?s=H&c=0&search=PR&p=10851,2025-12-30
http://www.4bg.info/index.php?c=0&s=A&search=??&p=12901,2025-12-29
http://4bg.info/index.php?s=A&p=201&c=0&search=%EF%BF%BD%EF%BF%BD%EF%BF%BD%EF%BF%BD%EF%BF%BD%EF%BF%BD%EF%BF%BD,2025-12-28
http://4bg.info/index.php?s=H&c=0&search=%EF%BF%BD%EF%BF%BD%EF%BF%BD&p=10891,2025-12-28
http://4bg.info/index.php?s=H&c=0&search=%EF%BF%BD%EF%BF%BD%EF%BF%BD%EF%BF%BD%EF%BF%BD%EF%BF%BD%EF%BF%BD&p=201,2025-12-27
http://4bg.info/index.php?s=P&c=0&search=dc&p=10901,2025-12-27
http://4bg.info/index.php?s=A&p=241&c=0&search=%EF%BF%BD%EF%BF%BD%EF%BF%BD%EF%BF%BD%EF%BF%BD%EF%BF%BD,2025-12-22
http://4bg.info/index.php?s=H&c=0&search=%EF%BF%BD%EF%BF%BD%EF%BF%BD&p=10881,2025-12-21
https://seol.store/domain/domain/part/127845/lan/it,2025-12-21
http://4bg.info/index.php?s=H&c=0&search=%EF%BF%BD%EF%BF%BD%EF%BF%BD&p=10851,2025-12-19
http://4bg.info/index.php?s=H&c=0&search=%EF%BF%BD%EF%BF%BD%EF%BF%BD&p=10861,2025-12-19
http://4bg.info/index.php?s=H&p=10901&c=0&search=PR,2025-12-18
https://audibg.com/forum/index.php?/profile/8689-sky/content/&type=forums_topic_post,2025-12-18
http://4bg.info/index.php?s=A&c=0&search=PR&p=12941,2025-12-17
http://4bg.info/index.php?s=H&p=10851&c=0&search=gsm,2025-12-16
http://ukazatel.bg/results.html?startwith=%D0%A1&page=274/,2025-12-06
https://fveikals.lv/ru/saeco-incanto-pannarello-hd8911-09,2025-12-06
"http://4bg.info/index.php?s=H&c=0&search=%EF%BF%BD%EF%BF%BD%EF%BF%BD%EF%BF%BD%EF%BF%BD%EF%BF%BD 
%EF%BF%BD%EF%BF%BD 
%EF%BF%BD%EF%BF%BD%EF%BF%BD%EF%BF%BD%EF%BF%BD%EF%BF%BD%EF%BF%BD&p=501",2025-12-04
http://4bg.info/index.php?s=H&c=0&search=%EF%BF%BD%EF%BF%BD%EF%BF%BD&p=10851,2025-12-03
http://4bg.info/index.php?s=A&p=12931&c=0&search=PR,2025-11-28
https://www.bgbiznes.eu/hot.php?pg_which=180,2025-11-25
"http://ukazatel.bg/search.html?what= %D0%B2%D1%82%D0%BE%D1%80%D0%B0 
%D1%83%D0%BF%D0%BE%D1%82%D1%80%D0%B5%D0%B1%D0%B0&where&page=13/",2025-11-24
http://4bg.info/index.php?search=dc&p=19531,2025-11-21
http://4bg.info/detail.php?id=7223,2025-11-19
http://www.4bg.info/index.php?s=H&c=0&search=bdz&p=10851,2025-11-13
http://www.4bg.info/index.php?s=H&p=10841&c=0&search=??,2025-11-13
http://4bg.info/index.php?s=H&c=0&search=gsm&p=10891,2025-11-10
http://4bg.info/index.php?s=H&c=0&search=%EF%BF%BD%EF%BF%BD%EF%BF%BD&p=10891,2025-11-04
http://www.4bg.info/index.php?s=A&c=0&search=%EF%BF%BD%EF%BF%BD%EF%BF%BD&p=12921,2025-10-30
http://www.4bg.info/index.php?search=%EF%BF%BD%EF%BF%BD%EF%BF%BD&p=19511,2025-10-30
http://4bg.info/index.php?s=H&c=0&search=%EF%BF%BD%EF%BF%BD%EF%BF%BD%EF%BF%BD%EF%BF%BD%EF%BF%BD&p=201,2025-10-29
http://4bg.info/index.php?search=PR&p=19541,2025-10-29
http://www.4bg.info/index.php?c=0&s=P&search=??&p=10891,2025-10-29
http://www.4bg.info/index.php?s=A&c=0&search=%EF%BF%BD%EF%BF%BD%EF%BF%BD&p=12911,2025-10-29
http://www.4bg.info/index.php?s=A&p=12951&c=0&search=%EF%BF%BD%EF%BF%BD%EF%BF%BD,2025-10-29
http://www.4bg.info/index.php?s=H&c=0&search=%EF%BF%BD%EF%BF%BD%EF%BF%BD&p=10881,2025-10-29
http://www.4bg.info/index.php?s=H&c=0&search=??&p=10841,2025-10-29
http://www.4bg.info/index.php?s=H&c=0&search=??&p=10871,2025-10-29
https://www.themetix.com/site/kafemashini.ch,2025-10-25
https://bg.near-place.com/home_goods_store-nearby-prodazba-i-serviz-na-kafe-masini-vtora-rka-ulitsa-sliven-23-sofia,2025-10-13
https://bg.near-place.com/home_goods_store-nearby-prodazba-i-serviz-na-kafe-masini-vtora-rka-ulitsa-sliven-23-sofia/da,2025-10-13
https://find.gbg.bg/?c=gbg&q=%D0%BA%D0%B0%D1%84%D0%B5&p=40&t=n&w=a&s=a&r=10,2025-10-13
https://find.gbg.bg/?c=gbg&q=%D0%BA%D0%B0%D1%84%D0%B5&p=41&t=n&w=a&s=v&r=10,2025-10-13
http://4bg.info/index.php?s=H&p=10851&c=0&search=bid,2025-10-06
http://4bg.info/index.php?s=P&c=0&search=PR&p=10871,2025-10-04
http://4bg.info/index.php?s=P&c=0&search=PR&p=10891,2025-10-04
http://4bg.info/index.php?s=A&c=0&search=%EF%BF%BD%EF%BF%BD%EF%BF%BD&p=12921,2025-10-03
"http://ukazatel.bg/search.html?what= %D0%BA%D0%B0%D1%84%D0%B5 
%D0%BC%D0%B0%D1%88%D0%B8%D0%BD%D0%B8&where&page=5/",2025-09-15
http://4bg.info/index.php?s=A&p=473&c=24,2025-09-13
http://4bg.info/index.php?s=H&c=24&p=273,2025-09-13
https://sk.mapy.cz/?source=osm&id=150342151,2025-09-08
https://find.gbg.bg/?c=gbg&q=%D0%BA%D0%B0%D1%84%D0%B5&p=8&t=n&w=a&s=s&r=10,2025-09-07
https://find.gbg.bg/?c=gbg&q=%D0%BA%D0%B0%D1%84%D0%B5&p=9&t=n&w=a&s=d&r=10,2025-09-07
http://4bg.info/?s=H&p=261&c=24,2025-08-31
http://4bg.info/?s=A&p=461&c=24,2025-08-27
https://www.mcu-bg.com/mcu_site/viewtopic.php?f=6&t=17781&start=0,2025-08-24
https://gbg.bg/ukazatel/mashini_i_oborudvane/r/130/,2025-08-18
http://4bg.info/index.php?search=PR&p=19551,2025-08-11
http://ukazatel.bg/search.html?what=%D0%BA%D0%B0%D1%84%D0%B5%D0%BC%D0%B5%D0%BB%D0%B0%D1%87%D0%BA%D0%B8&where&btnSearch=%D0%A2%D1%8A%D1%80%D1%81%D0%B8,2025-08-08
http://4bg.info/index.php?s=A&p=502&c=24,2025-08-05
https://www.oink.bg/biz/prodazhba_i_serviz3,2025-07-19
http://4bg.info/index.php?search=%EF%BF%BD%EF%BF%BD%EF%BF%BD%EF%BF%BD%EF%BF%BD%EF%BF%BD%EF%BF%BD&p=201,2025-04-07
https://fveikals.lv/ru/saeco-minuto-super-automatic,2025-03-25
https://www.waze.com/el/live-map/directions/bg/sofia-city-province/sofia/prodazhba-i-serviz-na-kafe-mashini-vtora-ruka?to=place.ChIJEV1iQViFqkARGWs_booHRbc,2025-03-15
http://4bg.info/index.php?s=A&p=921&c=0&search=%EF%BF%BD%EF%BF%BD%EF%BF%BD%EF%BF%BD%EF%BF%BD%EF%BF%BD%EF%BF%BD%EF%BF%BD%EF%BF%BD%EF%BF%BD,2025-01-21
https://lux-coffee.ru/instrukciya/delonghi-eam-3400/431/,2025-01-04
https://bg.near-place.com/prodazba-i-serviz-na-kafe-masini-vtora-rka-ulitsa-sliven-23-sofia,2025-01-02
https://www.waze.com/ar/live-map/directions/bg/sofia-city-province/sofia/prodazhba-i-serviz-na-kafe-mashini-vtora-ruka?to=place.ChIJEV1iQViFqkARGWs_booHRbc,2024-10-28
http://www.mcu-bg.com/mcu_site/viewtopic.php?f=6&t=17777&view=next,2024-08-28
http://4bg.info/index.php?c=24&p=901,2024-08-02
http://4bg.info/index.php?s=H&p=241&c=0&search=%EF%BF%BD%EF%BF%BD%EF%BF%BD%EF%BF%BD%EF%BF%BD%EF%BF%BD,2024-08-01
http://4bg.info/index.php?s=A&c=0&search=%EF%BF%BD%EF%BF%BD%EF%BF%BD%EF%BF%BD%EF%BF%BD%EF%BF%BD&p=401,2024-07-18
http://4bg.info/index.php?s=A&c=0&search=PR&p=12961,2024-06-26
https://www.bgbiznes.eu/detail/1673/Суис-Кафе.html,2024-05-16
http://www.4bg.info/index.php?search=??&p=19521,2024-03-10
https://www.waze.com/az/live-map/directions/bg/sofia-city-province/sofia/prodazhba-i-serviz-na-kafe-mashini-vtora-ruka?to=place.ChIJEV1iQViFqkARGWs_booHRbc,2024-01-29
https://gikaf.ru/index.php?route=information/article&id=86_152_250,2023-12-02
http://4bg.info/index.php?s=A&c=24&p=501,2023-09-26
https://titul.bg/15923003803039598783/,2023-09-02
https://forum.setcombg.com/малки-домакински-уреди/35481-кафемашини-кафеварки-кафемелачки-faq-избор-обсъждане-мнения-16.html,2023-05-19
https://www.kartasofia.com/суис-кафе-11-karta134265.html,2022-12-04
https://www.cm-service812.ru/instruktsii-dlya-kofemashin/delonghi,2022-06-03
https://www.waze.com/bg/live-map/directions/bg/oblast-sofiya/sofiya/prodazhba-i-serviz-na-kafe-mashini-vtora-ruka?to=place.ChIJEV1iQViFqkARGWs_booHRbc,2022-03-12
https://forum.muzikant.org/topic/165840-кафеджии-има-ли/page/31/,2021-07-31
https://www.bg-mamma.com/?topic=1158556.600,2021-03-15
http://mcu-bg.com/mcu_site/viewtopic.php?f=6&t=17781,2021-02-23
https://lux-coffee.ru/instrukciya/saeco-minuto-hd876109/1687/,2020-11-13
https://service-coffemashin.ru/delonghi.html,2020-07-27
https://service-coffemashin.ru/instrukcii.html,2020-07-17
https://cafeboutique.ua/arxiv-kofemashin/delonghi-ecam-23450s.html,2020-05-02
https://101kofemashina.ru/saeco/hd8761/,2020-04-10
http://www.remont-na.com/1094/suis_kafe_11_eood_sofia_banishora.htm,2019-07-15
https://www.bg-mamma.com/?topic=960705.120,2019-02-25
https://www.bg-mamma.com/?topic=820697.225,2019-02-11
https://www.bg-mamma.com/?topic=820697.360,2019-02-07
https://www.prodaga-kofemashin.ru/tekhnicheskaya-dokumentatsiya/instruktsii-dlya-kofemashin/saeco/,2018-06-16
https://fveikals.lv/ru/saeco_minuto_focus,2018-01-24
https://fveikals.lv/ru/philips-super-automatic-hd8844-09,2017-05-22
https://fveikals.lv/ru/saeco-incanto-super-automatic-hd8914-09,2017-05-16
https://fveikals.lv/ru/philips-super-automatic-hd8821-09,2017-04-03
https://forum.setcombg.com/малки-домакински-уреди/54214-избор-на-кафеавтомат-до-600-лв.html,2017-02-08
https://www.bgbiznes.eu/Домакински-уреди/Градинска-техника/,2016-09-08
http://info-register.com/kafemashini/,2016-06-29