Rank,Link text
1,кафе машини втора ръка
2,http kafemashini ch
3,kafemashini ch
4,добави във favorites на браузера
5,инструкция hd 8761 09
6,https kafemashini ch produkti html
7,(empty)
8,delonghi eam 3400
9,https kafemashini ch
10,кафе машини saeco втора употреба и сервиз
11,скачать
12,bosch
13,delonghi ecam 23.450
14,http kafemashini ch kafe mashini gaggia html
15,http kafemashini ch kafe mashini saeko html
16,http kafemashini ch produkt saeco odea giro plus
17,http kafemashini ch produkt saeco odea go
18,https kafemashini ch produkt saeco talea giro
19,koenig
20,krups
21,philips saeco hd8761_09_dfu_rus pdf
22,rotel
23,saeco
24,saeco incanto sirius
25,saeco minuto hd876109
26,satrap
27,siemens
28,turmix
29,wordpress website example screenshot
30,да е
31,завантажити інструкцію до delonghi ecam 23.450
32,инструкция кофемашины delonghi 23.450
33,скачать в формате pdf