Site,Linking pages,Target pages
4bg.info,65,1
ukazatel.bg,10,1
info-register.com,9,9
gbg.bg,7,1
fveikals.lv,6,1
near-place.com,6,1
waze.com,5,1
bg-mamma.com,4,4
mcu-bg.com,4,1
bgbiznes.eu,3,1
101kofemashina.ru,2,1
lux-coffee.ru,2,2
prodaga-kofemashin.ru,2,2
service-coffemashin.ru,2,1
setcombg.com,2,1
audibg.com,1,1
cafeboutique.ua,1,1
cm-service812.ru,1,1
coffee-automat.ru,1,1
gikaf.ru,1,1
hardwarebg.com,1,1
kartasofia.com,1,1
mapy.cz,1,1
muzikant.org,1,1
oink.bg,1,1
remont-na.com,1,1
seol.store,1,1
themetix.com,1,1
titul.bg,1,1