Target page,Internal links
https://kafemashini.ch/serviz-na-kafe-mashini.html,128
https://kafemashini.ch/,126
https://kafemashini.ch/contact.html,126
https://kafemashini.ch/produkti,126
https://kafemashini.ch/istoria_na_kafe_mashinite.html,125
https://kafemashini.ch/kafe-mashini/saeco,125
https://kafemashini.ch/kafe-mashini/philips,124
https://kafemashini.ch/kafe-mashini/satrap,124
https://kafemashini.ch/kafe-mashini/delonghi,123
https://kafemashini.ch/kafe-mashini/drugi-kafe-mashini,123
https://kafemashini.ch/kafe-mashini/gaggia,123
https://kafemashini.ch/kafe-mashini/jura,123
https://kafemashini.ch/kafe-mashini/siemens,123
https://kafemashini.ch/kafe-mashini/solis,123
https://kafemashini.ch/kafe-mashini/turmix,123
https://kafemashini.ch/kafe-mashini/krups,122
https://kafemashini.ch/garantsiya.html,121
https://kafemashini.ch/uslovia,120
https://kafemashini.ch/kafe-mashini/rotel,119
https://kafemashini.ch/about.html,118
https://kafemashini.ch/kafe-mashini/koenig,115
https://kafemashini.ch/kafe-mashini/bosch,114
https://kafemashini.ch/produkt/saeco-odea-giro,12
https://kafemashini.ch/produkt/saeco-royal-gran-crema,11
https://kafemashini.ch/produkt/delonghi-cappuccino-esam-25452,10
https://kafemashini.ch/produkt/delonghi-magnifica-rapid,10
https://kafemashini.ch/produkt/saeco-incanto-deluxe,10
https://kafemashini.ch/produkt/saeco-incanto-s-class-rondo,10
https://kafemashini.ch/produkt/saeco-incanto-sirius,10
https://kafemashini.ch/produkt/saeco-royal-digital,10
https://kafemashini.ch/produkt/saeco-idea,9
https://kafemashini.ch/produkt/saeco-odea-go,9
https://kafemashini.ch/produkt/saeco-primea-cappuccino-touch,9
https://kafemashini.ch/produkt/saeco-royal-office,9
https://kafemashini.ch/produkt/delonghi-esam-04-350-cappuccino,8
https://kafemashini.ch/produkt/saeco-xsmall,8
https://kafemashini.ch/produkt/delonghi-magnifica-esam-3300,7
https://kafemashini.ch/produkt/delonghi-magnifica-s-ecam-22-110-sb,7
https://kafemashini.ch/produkt/saeco-odea-go-black-edition,7
https://kafemashini.ch/produkt/saeco-royal-digital-plus,7
https://kafemashini.ch/produkt/saeco-syntia,7
https://kafemashini.ch/produkt/saeco-talea-touch,7
https://kafemashini.ch/produkti/saeco-odea-go-black-edition,7
https://kafemashini.ch/produkt/caggia-accademia,6
https://kafemashini.ch/produkt/delonghi-intensa-ecam-23210,6
https://kafemashini.ch/produkt/saeco-magic,6
https://kafemashini.ch/produkt/saeco-talea-ring,6
https://kafemashini.ch/produkt/saeco-xelsis,6
https://kafemashini.ch/produkt/delonghi-cappuccino-ecam-23-450,5
https://kafemashini.ch/produkt/delonghi-intensa-esam-23420,5
https://kafemashini.ch/produkt/delonghi-perfecta-esam-5400,5
https://kafemashini.ch/produkt/gaggia-platinum,5
https://kafemashini.ch/produkt/gaggia-platinum-swing-up,5
https://kafemashini.ch/produkt/gaggia-titanium,5
https://kafemashini.ch/produkt/saeco-incanto-classic,5
https://kafemashini.ch/produkt/saeco-incanto-digital,5
https://kafemashini.ch/produkt/saeco-talea-giro,5
https://kafemashini.ch/produkt/turmix-tx-550,5
https://kafemashini.ch/produkt/turmix-tx-650,5
https://kafemashini.ch/produkti/page/2,5
https://kafemashini.ch/produkt/saeco-intelia,4
https://kafemashini.ch/produkt/saeco-minuto-hd8761,4
https://kafemashini.ch/produkt/saeco-odea-giro-plus,4
https://kafemashini.ch/produkt/saeco-primea-ring-plus,4
https://kafemashini.ch/produkt/satrap-excelento,4
https://kafemashini.ch/produkt/siemens-surpresso-s40,4
https://kafemashini.ch/produkt/turmix-just-touch,4
https://kafemashini.ch/kafe-mashini/saeco/page/2,3
https://kafemashini.ch/kafe-mashini/saeco/page/3,3
https://kafemashini.ch/produkt/delonghi-esam-04-110-b,3
https://kafemashini.ch/produkt/delonghi-esam-5500-cappuccino,3
https://kafemashini.ch/produkt/delonghi-primadonna-s,3
https://kafemashini.ch/produkt/fust-primotecq,3
http://kafemashini.ch/wp-content/uploads/2018/01/Saeco_Odea_Giro_RUS.pdf,2
https://kafemashini.ch/produkt/delonghi-perfecta-graphic-touch-esam-5600,2
https://kafemashini.ch/produkt/koenig-arte-2000,2
https://kafemashini.ch/produkt/produkt-bosch-benvenuto-b30,2
https://kafemashini.ch/produkt/rotel-conforta-digital,2
https://kafemashini.ch/produkt/saeco-exprelia,2
https://kafemashini.ch/produkt/saeco-granbaristo,2
https://kafemashini.ch/produkt/saeco-incanto-s-class-classic,2
https://kafemashini.ch/produkt/saeco-intelia-evo,2
https://kafemashini.ch/produkt/saeco-intuita,2
https://kafemashini.ch/produkt/saeco-talea-touch-plus,2
https://kafemashini.ch/produkt/satrap-va-70,2
https://kafemashini.ch/produkt/solis-palazzo,2
http://kafemashini.ch/wp-content/uploads/2018/01/Delonghi_EAM_3400_RUS-1.pdf,1
http://kafemashini.ch/wp-content/uploads/2018/01/Delonghi_ECAM_23.450_RUS.pdf,1
http://kafemashini.ch/wp-content/uploads/2018/01/Saeco_Incanto_Sirius_RUS.pdf,1
http://kafemashini.ch/wp-content/uploads/2018/01/Saeco_Minuto_HD8760_RUS.pdf,1
http://kafemashini.ch/wp-content/uploads/2018/01/Saeco_Minuto_HD8761_HD8764_RUS.pdf,1
http://kafemashini.ch/wp-content/uploads/2018/01/xsmall.pdf,1
https://kafemashini.ch/produkt/saeco-minuto-hd8661,1
https://kafemashini.ch/produkt/saeco-moltio,1