Top pages,Clicks,Impressions,CTR,Position
https://kafemashini.ch/kafe-mashini/saeco,385,9521,4.04%,6.86
https://kafemashini.ch/,345,6238,5.53%,7.45
http://kafemashini.ch/,124,9284,1.34%,6.39
https://kafemashini.ch/contact.html,43,410,10.49%,5.04
https://kafemashini.ch/produkt/saeco-incanto-deluxe,25,845,2.96%,11.13
https://kafemashini.ch/produkti/delonghi-perfecta-esam-5400,20,280,7.14%,5.44
http://kafemashini.ch/wp-content/uploads/2018/01/Saeco_Minuto_HD8760_RUS.pdf,18,280,6.43%,14.09
https://kafemashini.ch/produkt/saeco-syntia,15,358,4.19%,8.26
https://kafemashini.ch/produkt/delonghi-perfecta-esam-5400,15,244,6.15%,6.36
https://kafemashini.ch/produkti/saeco-syntia,15,197,7.61%,4.21
https://kafemashini.ch/produkt/saeco-magic,13,797,1.63%,4.73
http://kafemashini.ch/wp-content/uploads/2018/01/xsmall.pdf,13,614,2.12%,13.74
https://kafemashini.ch/serviz-na-kafe-mashini.html,13,369,3.52%,13.74
http://kafemashini.ch/wp-content/uploads/2018/01/Saeco_Minuto_HD8761_HD8764_RUS.pdf,12,324,3.7%,19.27
https://kafemashini.ch/produkt/saeco-xelsis,12,155,7.74%,6.07
https://kafemashini.ch/produkt/saeco-incanto-s-class-classic,11,338,3.25%,3.88
https://kafemashini.ch/produkti/saeco-royal-digital-plus,11,238,4.62%,5.96
https://kafemashini.ch/produkti/saeco-incanto-deluxe,10,270,3.7%,10.59
https://kafemashini.ch/produkt/saeco-royal-digital-plus,10,249,4.02%,8.84
https://kafemashini.ch/produkt/saeco-talea-giro,10,164,6.1%,10.27
https://kafemashini.ch/produkt/delonghi-primadonna-s,10,105,9.52%,9.51
https://kafemashini.ch/produkti/delonghi-primadonna-s,10,91,10.99%,7.01
https://kafemashini.ch/produkti/saeco-intelia-evo,9,179,5.03%,4
https://kafemashini.ch/produkt/saeco-incanto-classic,8,137,5.84%,8.28
https://kafemashini.ch/produkt/saeco-incanto-sirius,8,120,6.67%,19.85
https://kafemashini.ch/produkti/saeco-talea-ring,8,119,6.72%,12.87
https://kafemashini.ch/produkti/saeco-talea-giro,8,91,8.79%,9.36
https://kafemashini.ch/produkti/saeco-royal-office,8,90,8.89%,6.78
https://kafemashini.ch/produkt/saeco-talea-ring,7,302,2.32%,19.55
https://kafemashini.ch/produkt/delonghi-primadonna,6,120,5%,7.93
https://kafemashini.ch/produkt/saeco-royal-office,6,99,6.06%,21.27
https://kafemashini.ch/produkti/saeco-incanto-sirius,6,81,7.41%,9.58
https://kafemashini.ch/produkti/delonghi-primadonna,6,80,7.5%,4.92
https://kafemashini.ch/kafe-mashini/saeco/page/3,5,253,1.98%,10.45
https://kafemashini.ch/produkt/saeco-primea-cappuccino-touch,5,231,2.16%,39.14
https://kafemashini.ch/produkti/delonghi-magnifica-rapid,5,47,10.64%,16.7
https://kafemashini.ch/produkt/turmix-tx-650,5,24,20.83%,2.38
https://kafemashini.ch/produkt/saeco-odea-giro,4,198,2.02%,12.48
https://kafemashini.ch/produkti/saeco-incanto-classic,4,181,2.21%,3.7
https://kafemashini.ch/produkt/saeco-royal-digital,4,170,2.35%,9.57
https://kafemashini.ch/produkti/delonghi-magnifica-s-ecam-22-110-sb,4,138,2.9%,13.32
https://kafemashini.ch/produkt/saeco-exprelia,4,104,3.85%,8.26
http://kafemashini.ch/wp-content/uploads/2018/01/Saeco_GranBaristo_HD8966_RUS.pdf,4,63,6.35%,12.62
https://kafemashini.ch/produkt/rotel-conforta-digital,4,49,8.16%,2.71
http://kafemashini.ch/wp-content/uploads/2018/01/Delonghi_EAM_3400_RUS-1.pdf,4,44,9.09%,8.07
https://kafemashini.ch/produkti/koenig-arte-2000,4,32,12.5%,2.53
https://kafemashini.ch/produkt/delonghi-intensa-ecam-23210,4,28,14.29%,20.64
https://kafemashini.ch/produkt/delonghi-magnifica-esam-3300,3,284,1.06%,7.44
https://kafemashini.ch/produkt/saeco-intelia-evo,3,184,1.63%,6.95
http://kafemashini.ch/wp-content/uploads/2018/01/Saeco_Odea_Giro_RUS.pdf,3,181,1.66%,34.82
https://kafemashini.ch/produkt/saeco-odea-go,3,154,1.95%,17.85
https://kafemashini.ch/produkti/fust-primotecq,3,152,1.97%,6.8
https://kafemashini.ch/produkti/saeco-odea-go,3,131,2.29%,10.13
https://kafemashini.ch/produkt/saeco-odea-giro-plus,3,119,2.52%,21.72
https://kafemashini.ch/produkt/saeco-intuita,3,108,2.78%,7.85
https://kafemashini.ch/produkt/saeco-primea-ring-plus,3,105,2.86%,50.98
https://kafemashini.ch/produkti/saeco-xelsis,3,95,3.16%,7.83
https://kafemashini.ch/produkti/saeco-incanto-s-class-classic,3,92,3.26%,6.04
https://kafemashini.ch/produkti/saeco-royal-digital,3,90,3.33%,21.21
https://kafemashini.ch/produkti/saeco-xsmall,3,79,3.8%,9.43
https://kafemashini.ch/produkt/delonghi-magnifica-rapid,3,68,4.41%,12.37
https://kafemashini.ch/produkti/saeco-incanto-s-class-rondo,3,63,4.76%,27.52
https://kafemashini.ch/produkt/koenig-arte-2000,3,48,6.25%,2.48
https://kafemashini.ch/produkt/delonghi-intensa-esam-23420,3,17,17.65%,4.29
https://kafemashini.ch/produkt/satrap-excelento,2,121,1.65%,3.73
https://kafemashini.ch/produkti/saeco-magic,2,95,2.11%,4.37
https://kafemashini.ch/produkt/saeco-talea-touch-plus,2,89,2.25%,25.09
https://kafemashini.ch/produkti/saeco-intuita,2,86,2.33%,2.76
https://kafemashini.ch/produkti/saeco-primea-cappuccino-touch,2,72,2.78%,25.75
https://kafemashini.ch/produkt/delonghi-perfecta-graphic-touch-esam-5600,2,70,2.86%,16.73
https://kafemashini.ch/produkt/saeco-talea-touch,2,70,2.86%,25.51
https://kafemashini.ch/kafe-mashini/rotel,2,69,2.9%,21.29
https://kafemashini.ch/produkt/siemens-surpresso-compact,2,67,2.99%,29.79
https://kafemashini.ch/kafe-mashini/satrap,2,66,3.03%,7.41
https://kafemashini.ch/produkt/saeco-incanto-s-class-rondo,2,65,3.08%,29.43
https://kafemashini.ch/produkti/saeco-minuto-hd8761,2,62,3.23%,7.68
https://kafemashini.ch/produkti/saeco-exprelia,2,61,3.28%,3.75
https://kafemashini.ch/produkt/saeco-minuto-hd8761,2,53,3.77%,10.55
https://kafemashini.ch/produkt/gaggia-titanium,2,48,4.17%,33.62
https://kafemashini.ch/produkt/siemens-surpresso-s40,2,47,4.26%,24.66
https://kafemashini.ch/produkt/saeco-xsmall,2,39,5.13%,9.95
https://kafemashini.ch/produkt/primadonna-avant-6700,2,32,6.25%,31.72
https://kafemashini.ch/produkti/saeco-incanto-digital,2,29,6.9%,19.76
https://kafemashini.ch/produkti/solis-palazzo,2,28,7.14%,8.32
https://kafemashini.ch/produkti/saeco-moltio,2,24,8.33%,3.25
https://kafemashini.ch/produkt/turmix-tx-550,2,14,14.29%,2.93
https://kafemashini.ch/produkti/produkt-bosch-benvenuto-b30,2,14,14.29%,13.43
https://kafemashini.ch/produkti/saeco-minuto-hd8661,2,13,15.38%,2.85
https://kafemashini.ch/produkt/saeco-intelia,2,12,16.67%,7.75
https://kafemashini.ch/produkt/delonghi-primadonna-s/prima-donna-s,2,8,25%,7.38
https://kafemashini.ch/produkt/fust-primotecq,1,188,0.53%,7.94
http://kafemashini.ch/wp-content/uploads/2018/01/Saeco_Incanto_Sirius_RUS.pdf,1,148,0.68%,27.97
https://kafemashini.ch/produkt/produkt-bosch-benvenuto-b30,1,92,1.09%,14.18
https://kafemashini.ch/produkt/delonghi-esam-5500-cappuccino,1,88,1.14%,3.7
https://kafemashini.ch/produkti/saeco-odea-giro-plus,1,84,1.19%,8.96
https://kafemashini.ch/istoria_na_kafe_mashinite.html,1,81,1.23%,4.26
https://kafemashini.ch/produkti/primadonna-avant-6700,1,49,2.04%,16.27
https://kafemashini.ch/produkti/delonghi-intensa-ecam-23210,1,45,2.22%,26.18
https://kafemashini.ch/produkti/rotel-conforta-digital,1,42,2.38%,3.57
https://kafemashini.ch/produkti/delonghi-esam-5500-cappuccino,1,39,2.56%,5.62
https://kafemashini.ch/produkti/satrap-va-70,1,38,2.63%,1.92
https://kafemashini.ch/produkti/delonghi-magnifica-esam-3300,1,38,2.63%,8.5
https://kafemashini.ch/produkt/satrap-va-70,1,36,2.78%,3.58
https://kafemashini.ch/garantsiya.html,1,36,2.78%,10.06
https://kafemashini.ch/uslovia,1,30,3.33%,16.5
https://kafemashini.ch/produkti/saeco-talea-touch-plus,1,29,3.45%,16.72
https://kafemashini.ch/produkt/saeco-royal-gran-crema,1,25,4%,19.72
https://kafemashini.ch/produkti/siemens-surpresso-s40,1,24,4.17%,11.96
https://kafemashini.ch/produkt/delonghi-magnifica-s-ecam-22-110-sb,1,23,4.35%,11.13
https://kafemashini.ch/produkti/satrap-excelento,1,22,4.55%,2.91
https://kafemashini.ch/kafe-mashini/koenig,1,22,4.55%,13.18
https://kafemashini.ch/produkti/gaggia-titanium,1,22,4.55%,26.41
https://kafemashini.ch/produkti/delonghi-cappuccino-ecam-23-450/ecam-23450s-left_list,1,18,5.56%,7.78
https://kafemashini.ch/produkt/turmix-just-touch,1,18,5.56%,12
https://kafemashini.ch/kafe-mashini/bosch,1,18,5.56%,19
https://kafemashini.ch/produkt/turmix-tx-650/turmix-tx650,1,15,6.67%,5.47
https://kafemashini.ch/produkti/delonghi-intensa-esam-23420,1,13,7.69%,2.77
https://kafemashini.ch/produkti/turmix-tx-550,1,11,9.09%,2.36
https://kafemashini.ch/produkti/gaggia-platinum-swing-up,1,11,9.09%,2.64
https://kafemashini.ch/produkti/delonghi-cappuccino-ecam-23-450,1,11,9.09%,28.64
https://kafemashini.ch/produkti/saeco-idea,1,10,10%,4.8
https://kafemashini.ch/produkt/saeco-odea-go/saeco-odea-go,1,10,10%,44.8
https://kafemashini.ch/produkt/gaggia-platinum,1,9,11.11%,11.67
https://kafemashini.ch/produkti/delonghi-esam-4000,1,8,12.5%,8.62
https://kafemashini.ch/produkti/turmix-tx-650/turmix-tx650,1,6,16.67%,2.33
https://kafemashini.ch/kafe-mashini/saeco/page/2,1,5,20%,9.8
https://kafemashini.ch/produkt/delonghi-cappuccino-ecam-23-450,1,5,20%,18.4
https://kafemashini.ch/produkt/turmix-tx-550/turmix-tx550,1,3,33.33%,13.33
https://kafemashini.ch/produkti/delonghi-magnifica-esam-3300/delonghi-magnifica-esam-3300,1,1,100%,3
https://kafemashini.ch/produkti/delonghi-perfecta-graphic-touch-esam-5600,0,78,0%,16.5
https://kafemashini.ch/kafe-mashini/jura,0,67,0%,12.49
https://kafemashini.ch/produkt/solis-palazzo,0,67,0%,17.97
https://kafemashini.ch/produkti/saeco-talea-touch,0,62,0%,18.53
https://kafemashini.ch/kafe-mashini/turmix,0,59,0%,28.75
https://kafemashini.ch/produkti/saeco-odea-giro,0,57,0%,6.88
http://kafemashini.ch/wp-content/uploads/2018/01/Delonghi_ECAM_23.450_RUS.pdf,0,56,0%,25.38
https://kafemashini.ch/produkt/saeco-odea-go-black-edition,0,46,0%,5.8
https://kafemashini.ch/produkti/saeco-primea-ring-plus,0,45,0%,44.09
https://kafemashini.ch/produkt/saeco-talea-touch/saeco-talea-touch,0,44,0%,51.66
https://kafemashini.ch/produkti,0,37,0%,4.19
https://kafemashini.ch/about.html,0,34,0%,4.88
https://kafemashini.ch/produkt/saeco-talea-ring/saeco-talea-ring,0,33,0%,60.79
https://kafemashini.ch/produkti/turmix-tx-650,0,32,0%,1.94
https://kafemashini.ch/kafe-mashini/solis,0,29,0%,64.38
http://kafemashini.ch/wp-content/uploads/2018/01/Saeco_Intuita_HD8750_RUS.pdf,0,27,0%,14.15
https://kafemashini.ch/produkt/saeco-odea-giro/saeco-odea-giro,0,27,0%,62.78
https://kafemashini.ch/kafe-mashini/delonghi,0,23,0%,5.26
https://kafemashini.ch/produkt/caggia-accademia,0,23,0%,32.09
https://kafemashini.ch/primerna-stranitsa/delonghi-esam-5500-perfecta-cappuccino-silver,0,22,0%,7.55
https://kafemashini.ch/produkti/saeco-odea-go/saeco-odea-go,0,21,0%,41.43
http://kafemashini.ch/wp-content/uploads/2018/01/Delonghi_EAM_4400_RUS.pdf,0,20,0%,13.8
https://kafemashini.ch/produkti/turmix-just-touch,0,19,0%,4.95
https://kafemashini.ch/produkt/saeco-incanto-digital,0,19,0%,44.42
https://kafemashini.ch/kafe-mashini/krups,0,19,0%,44.74
https://kafemashini.ch/produkt/saeco-moltio,0,18,0%,2.72
https://kafemashini.ch/kafe-mashini/siemens,0,16,0%,50.5
https://kafemashini.ch/kafe-mashini/drugi-kafe-mashini,0,15,0%,2.47
https://kafemashini.ch/produkt/delonghi-esam-04-110-b,0,15,0%,7.47
https://kafemashini.ch/produkt/delonghi-cappuccino-esam-25452,0,14,0%,6.57
http://kafemashini.ch/wp-content/uploads/2018/01/Delonghi_ESAM_3500_RUS.pdf,0,14,0%,42.93
https://kafemashini.ch/kafe-mashini/gaggia,0,14,0%,47.29
https://kafemashini.ch/produkt/saeco-xsmall/saeco-xsmall-plus,0,11,0%,35.09
https://kafemashini.ch/produkti/delonghi-esam-04-350-cappuccino,0,10,0%,8.7
https://kafemashini.ch/produkti/delonghi-esam-4400,0,9,0%,3.33
https://kafemashini.ch/produkti/delonghi-esam-04-110-b,0,9,0%,10.11
https://kafemashini.ch/produkt/delonghi-esam-4000,0,9,0%,23.89
https://kafemashini.ch/produkt/saeco-idea,0,8,0%,7.25
https://kafemashini.ch/produkt/gaggia-platinum-swing-up,0,8,0%,21.5
https://kafemashini.ch/produkt/gaggia-brera,0,8,0%,27.88
https://kafemashini.ch/produkti/caggia-accademia,0,8,0%,38.88
https://kafemashini.ch/produkti/saeco-royal-gran-crema,0,7,0%,1.43
https://kafemashini.ch/produkt/saeco-minuto-hd8661,0,7,0%,8
https://kafemashini.ch/produkt/saeco-granbaristo,0,7,0%,21.29
https://kafemashini.ch/produkti/saeco-odea-go-black-edition,0,6,0%,4.83
http://kafemashini.ch/wp-content/uploads/2018/01/Delonghi_ECAM_25.452_RUS.pdf,0,6,0%,6.83
http://kafemashini.ch/wp-content/uploads/2018/01/Delonghi_ECAM_23.210_RUS.pdf,0,6,0%,7.5
https://kafemashini.ch/produkt/delonghi-magnifica-s-ecam-22-110-sb/delonghi-ecam22-110-sb-hero-new,0,6,0%,8.17
https://kafemashini.ch/produkt/delonghi-esam-04-350-cappuccino,0,6,0%,13
https://kafemashini.ch/produkt/saeco-minuto-hd8761/saeco-kaffeevollautomat-hd8761-01-saeco-minuto-focus-mattschwarz,0,6,0%,27.5
https://kafemashini.ch/produkt/saeco-intelia-evo/evo,0,5,0%,3.6
https://kafemashini.ch/produkt/satrap-excelento/satrap-excelento,0,5,0%,4
https://kafemashini.ch/produkti/delonghi-cappuccino-esam-25452,0,5,0%,6.4
https://kafemashini.ch/produkt/krups-xp-7240,0,5,0%,72.2
https://kafemashini.ch/produkti/saeco-intelia,0,4,0%,6.5
https://kafemashini.ch/primerna-stranitsa/delonghi-esam5500b-perfecta-digital-super-automatic-espresso-machine-with-cappuccino-function,0,4,0%,8.75
https://kafemashini.ch/produkti/delonghi-3500,0,4,0%,18.75
https://kafemashini.ch/produkt/delonghi-cappuccino-ecam-23-450/ecam-23450s-left_list,0,4,0%,24.5
https://kafemashini.ch/produkti/saeco-granbaristo,0,4,0%,26.25
https://kafemashini.ch/produkti/delonghi-ecam-25-120,0,3,0%,3
https://kafemashini.ch/produkti/page/7,0,3,0%,3.33
https://kafemashini.ch/produkti/page/2,0,3,0%,6
https://kafemashini.ch/produkt/fust-primotecq/bosch-primotecq,0,3,0%,8.33
https://kafemashini.ch/produkt/delonghi-ecam-25-120,0,3,0%,10
https://kafemashini.ch/produkti/delonghi-magnifica-s-ecam-22-110-sb/delonghi-ecam22-110-sb-hero-new,0,3,0%,22.33
https://kafemashini.ch/produkti/delonghi-ecam-22-360-b,0,2,0%,4
https://kafemashini.ch/produkt/saeco-royal-digital/saeco-1,0,2,0%,5
https://kafemashini.ch/kafe-mashini/philips,0,2,0%,5.5
https://kafemashini.ch/produkt/delonghi-magnifica-esam-3300/delonghi-magnifica-esam-3300,0,2,0%,7.5
https://kafemashini.ch/produkt/delonghi-intensa-ecam-23210/ecam-23210,0,2,0%,41
https://kafemashini.ch/produkti/gaggia-platinum,0,1,0%,1
https://kafemashini.ch/produkt/delonghi-ecam-22-360-b,0,1,0%,5
https://kafemashini.ch/produkti/delonghi-cappuccino-esam-25452/25-452,0,1,0%,8
https://kafemashini.ch/produkti/page/8,0,1,0%,9
https://kafemashini.ch/produkt/delonghi-esam-4400,0,1,0%,10
https://kafemashini.ch/wp-content/uploads/2017/02/SAECO-IDEA.jpg,0,1,0%,11
https://kafemashini.ch/produkt/rotel-conforta-digital/rotel-conforta-digital,0,1,0%,17
https://kafemashini.ch/produkt/koenig-arte-2000/koenig-arte-2000,0,1,0%,19