Top queries,Clicks,Impressions,CTR,Position
кафемашини втора ръка,41,422,9.72%,5
рециклирани кафе автомати,28,177,15.82%,3.55
кафе автомат саеко втора ръка,25,148,16.89%,3.54
кафе машини втора ръка с гаранция,23,266,8.65%,3.29
кафемашина saeco,18,570,3.16%,7.74
кафе машини втора ръка,18,351,5.13%,3.85
кафе автомати втора ръка saeco,18,95,18.95%,3.03
кафе машина саеко,17,462,3.68%,4.27
кафе автомати втора ръка,17,203,8.37%,5.77
продажба и сервиз на кафе машини втора ръка,17,110,15.45%,1.31
саеко,16,438,3.65%,6.69
кафеавтомат втора ръка,16,196,8.16%,6.72
saeco,14,494,2.83%,8
кафеавтомати втора ръка,13,176,7.39%,6.14
saeco talea ring,12,154,7.79%,14.68
saeco кафемашина,11,709,1.55%,7.3
delonghi perfecta,11,111,9.91%,1.61
кафемашина saeco втора ръка,11,94,11.7%,4.04
кафе автомат саеко,10,309,3.24%,6.09
кафе автомат втора ръка,10,255,3.92%,7.07
кафе автомат saeco,10,139,7.19%,5.38
делонги примадона,10,78,12.82%,1.09
кафемашина саеко,9,387,2.33%,10
кафеавтомат saeco,9,281,3.2%,6.96
кафемашини втора употреба,9,177,5.08%,3.21
saeco syntia,9,131,6.87%,5.73
saeco incanto classic,9,78,11.54%,7.46
saeco xelsis цена,9,58,15.52%,1.45
кафемашини saeco,8,312,2.56%,3.78
кафе машина втора ръка,8,218,3.67%,6.96
саеко кафе автомат,8,215,3.72%,4.56
кафемашини втора ръка пловдив,8,52,15.38%,6.42
кафе машини саеко,7,198,3.54%,5.68
saeco intelia evo,7,84,8.33%,9.21
saeco incanto,6,254,2.36%,7.63
кафе автомати втора употреба,6,77,7.79%,6.19
саеко роял,6,74,8.11%,2.01
saeco talea giro,6,68,8.82%,10.56
кафе машини втора употреба,6,67,8.96%,4.28
saeco royal office,6,55,10.91%,9.98
саеко кафемашина,5,373,1.34%,5.51
кафе машина saeco,5,222,2.25%,5.62
кафеавтомат саеко,5,152,3.29%,8.84
saeco incanto de luxe,5,128,3.91%,12.9
евтини кафемашини втора ръка,5,107,4.67%,1.53
делонги перфекта,5,88,5.68%,3.23
saeco xsmall,5,86,5.81%,9.33
сервиз за кафемашини,4,535,0.75%,3.96
saeco incanto deluxe,4,160,2.5%,15.44
продавам кафемашина saeco,4,138,2.9%,5.75
saeco royal,4,126,3.17%,13.67
saeco exprelia,4,103,3.88%,7.48
saeco xelsis,4,96,4.17%,9.89
саеко инканто,4,92,4.35%,3.71
саеко интелия,4,71,5.63%,1.7
saeko,4,70,5.71%,4.77
saeco incanto s class,4,38,10.53%,1.55
delonghi magnifica rapid cappuccino,4,30,13.33%,9.7
delonghi perfecta esam 5400,4,29,13.79%,3.34
евтини кафе автомати,3,332,0.9%,3.98
кафемашина втора употреба,3,88,3.41%,5.44
кафе автомати saeco,3,70,4.29%,6.73
саеко синтия,3,27,11.11%,1
кафе машина робот саеко,3,22,13.64%,3.95
саеко интуита,3,16,18.75%,1
делонги перфекта капучино,3,13,23.08%,3.23
ремонт на кафемашини софия,2,317,0.63%,5.32
сервиз кафемашини,2,255,0.78%,5.75
кафемашини саеко,2,197,1.02%,7.77
кафемашина втора ръка,2,135,1.48%,6.53
saeco кафеавтомат,2,101,1.98%,6.98
saeco talea,2,100,2%,27.01
saeco magic,2,82,2.44%,8.57
saeco royal digital plus,2,73,2.74%,9.51
кафеавтомати саеко,2,69,2.9%,10.14
saeco кафе машина,2,58,3.45%,5.95
кафе машини saeco,2,52,3.85%,5.19
кафе машина саеко втора ръка,2,41,4.88%,3.98
кафе автомат втора употреба,2,40,5%,7.12
gaggia titanium,2,40,5%,30.1
saeco minuto,2,31,6.45%,16.13
saeco primea,2,25,8%,32.44
saeco кафемашина цена,2,23,8.7%,6.91
saeco incanto sirius s-class,2,23,8.7%,10.91
saeco primea cappuccino touch plus,2,23,8.7%,61.48
кафемашина робот saeco,2,22,9.09%,3.32
кафе автомати саеко,2,19,10.53%,7.42
delonghi intensa,2,13,15.38%,5.92
сервиз кафе машини софия,2,12,16.67%,5.58
кафемашини саеко втора ръка,2,11,18.18%,3.27
saeco syntia цена,2,8,25%,1.5
saeco office royal,2,7,28.57%,1
кафе робот втора ръка,2,6,33.33%,3.67
saeco incanto sirius s class,2,5,40%,24.4
ремонт на кафемашини,1,189,0.53%,4.47
fust primotecq,1,164,0.61%,4.16
кафе машини,1,159,0.63%,9.2
saeco odea giro,1,120,0.83%,25.74
кафеавтомат,1,107,0.93%,11.92
ремонт кафемашини,1,91,1.1%,4.38
сервиз кафемашини софия,1,78,1.28%,4.22
професионални кафе машини втора ръка,1,77,1.3%,9.48
saeco talea touch,1,74,1.35%,30.11
saeco intuita,1,62,1.61%,2.94
упътване на кафемашина делонги магнифика,1,61,1.64%,3.08
кафеавтомат saeco цена,1,55,1.82%,5.36
solis palazzo,1,53,1.89%,26.09
професионални кафе машини,1,49,2.04%,10
kafemashini,1,48,2.08%,8.52
saeco odea go,1,44,2.27%,19.45
delonghi magnifica s,1,35,2.86%,21.69
saeco primea cappuccino,1,35,2.86%,56.34
delonghi perfecta cappuccino,1,34,2.94%,7.65
сайко кафемашини,1,31,3.23%,1.81
кафе машина втора употреба,1,31,3.23%,5.16
saeco minuto инструкция,1,31,3.23%,10.29
делонги перфекта инструкция на български,1,29,3.45%,7.17
кафемашини bosch,1,28,3.57%,1.61
saeco giro,1,28,3.57%,5.29
саеко минуто,1,27,3.7%,1
philips saeco xsmall инструкция,1,27,3.7%,4.04
саеко кафе машина,1,27,3.7%,4.26
почистване на кафемашина саеко одеа,1,27,3.7%,8.44
кафемашини,1,27,3.7%,12.59
satrap coffee machine,1,24,4.17%,1.17
саеко одеа,1,20,5%,1
delonghi primadonna avant,1,20,5%,8.65
кафемашина saeco цена,1,19,5.26%,5.95
saeco incanto digital,1,18,5.56%,57.17
delonghi primadonna,1,17,5.88%,1.53
saeco incanto deluxe s class,1,14,7.14%,9.29
кафемашина втора ръка софия,1,12,8.33%,2.33
saeco minuto hd8760,1,12,8.33%,4.42
саеко роял профессионал,1,12,8.33%,7.83
delonghi intensa ecam,1,12,8.33%,65.17
saeco primea ring cappuccino,1,10,10%,25.8
саеко инканто делукс,1,9,11.11%,1.11
делонги магнифика рапид капучино,1,9,11.11%,13.78
delonghi esam 5500,1,9,11.11%,14.11
saeco odea giro plus инструкция,1,8,12.5%,8.12
saeco primea touch plus cappuccino,1,8,12.5%,25.12
magnifica rapid cappuccino,1,7,14.29%,12.14
saeco black ring plus,1,7,14.29%,69.14
ecam 23.450,1,6,16.67%,9.67
saeco incanto rondo s class,1,5,20%,26.4
gaggia platinum swing,1,5,20%,31
цена,1,4,25%,9.25
saeco incanto de luxe инструкция,1,4,25%,9.5
primadonna esam 6600,1,2,50%,1
кофемашина саеко синтия,1,2,50%,2
delonghi magnifica 3300,1,2,50%,3
ecam 23.450 s delonghi,1,2,50%,8
delonghi ecam 23.450.s,1,2,50%,8.5
rondo s,1,1,100%,1
saeco incanto rondo plus,1,1,100%,1
delonghi primadonna s ecam,1,1,100%,2
philips saeco xsmall почистване,1,1,100%,8
как да,1,1,100%,8
saeco granbaristo hd8966,1,1,100%,9
кафемашина,0,250,0%,11.71
кафе машина,0,200,0%,11.92
инструкция за почистване на кафемашина делонги магнифика,0,166,0%,5.14
kafe mashini,0,142,0%,9.27
ремонт на кафемашина,0,106,0%,7.82
philips saeco xsmall,0,105,0%,30.65
сервиз за кафе машини,0,99,0%,3
saeco royal digital,0,84,0%,24.4
сервиз кафе машини,0,80,0%,3.44
saeco кафемашини,0,78,0%,15.96
saeco primea ring,0,77,0%,61.71
ремонт на кафе машини,0,74,0%,3.45
intuita,0,73,0%,9.68
сервиз за кафемашини софия,0,72,0%,3.83
кафе робот саеко,0,67,0%,3.69
кафемашина делонги втора ръка,0,66,0%,3.24
сатрап,0,66,0%,5
кафемашина саеко цена,0,65,0%,7.12
saeco talea ring plus,0,61,0%,31.23
ремонт кафемашини софия,0,55,0%,4.31
ремонт на кафемашини саеко софия,0,54,0%,4.69
saeco incanto sirius,0,52,0%,35.4
saeco primea cappuccino touch,0,49,0%,22.65
кафемашина saeco с кафемелачка,0,45,0%,4.36
saeco primea touch,0,45,0%,32.38
saeco incanto инструкция на български,0,44,0%,3.43
кафе робот,0,44,0%,11.16
ремонт на миялни машини,0,43,0%,6.19
кафе машина робот,0,42,0%,28.02
saeco odea giro plus,0,38,0%,41.68
поправка на кафемашини,0,36,0%,3.58
odea giro plus,0,36,0%,66.11
кофемашина saeco minuto,0,35,0%,27.49
mashini,0,34,0%,10.29
saeco odea,0,33,0%,17.48
кафемашини автомат,0,32,0%,40.22
turmix,0,30,0%,39.3
сервиз за кафемашини крупс софия,0,29,0%,4.14
ремонт на кафемашини долче густо софия,0,29,0%,6.34
odea giro,0,29,0%,39.69
делонги капучино,0,28,0%,1.71
saeco incanto цена,0,28,0%,1.89
saeco intelia,0,28,0%,9.29
delonghi magnifica rapid,0,28,0%,23.43
кафе машина саеко цена,0,27,0%,6.41
incanto sirius,0,27,0%,73.07
професионална кафе машина,0,26,0%,11.23
саеко меджик,0,25,0%,3.6
primotecq,0,25,0%,9.32
кафемашина saeco incanto,0,24,0%,2.42
saeco автомат,0,24,0%,5.75
siemens surpresso compact,0,24,0%,22.42
bosch benvenuto b30,0,23,0%,18.43
поправка на кафемашини софия,0,22,0%,4
машини втора ръка,0,22,0%,10.23
saeco talea giro plus,0,22,0%,32.18
saeco talea touch plus,0,22,0%,37.5
професионални кафе машини втора ръка пловдив,0,21,0%,7.67
машини за кафе,0,21,0%,11.71
професионална кафе машина за вкъщи,0,21,0%,12.05
talea ring,0,21,0%,46.38
кафемашина робот втора ръка,0,20,0%,2.95
сервиз за електроуреди,0,20,0%,3.65
kafe avtomati,0,20,0%,9.8
кафе автомати,0,20,0%,11.2
saeco gran crema,0,20,0%,21.4
кофемашина saeco odea go,0,20,0%,76.7
saeco black touch plus,0,18,0%,1.17
одеа,0,18,0%,1.56
професионална кафемашина,0,18,0%,11.94
разпродажба на кафеавтомати,0,18,0%,12.17
кафемашина професионална,0,18,0%,12.22
incanto classic,0,18,0%,21.11
delonghi perfecta cappuccino graphic touch,0,18,0%,28.5
calc clean кофемашина saeco minuto,0,18,0%,31.56
saeco primea touch plus,0,18,0%,60.83
saeco incanto de luxe s class,0,17,0%,6.35
доставчици на кафемашини,0,17,0%,32.24
talea touch,0,17,0%,54.24
коды ошибок кофемашина saeco значки на дисплее,0,17,0%,65.41
кофемашина филипс горит calc clean,0,17,0%,71.94
saeco minuto hd8761,0,16,0%,18.69
primea cappuccino touch,0,16,0%,22.44
saeco incanto rondo,0,16,0%,36.31
кафемашина philips saeco,0,16,0%,44.31
delonghi primadonna s,0,16,0%,53.94
сервиз на кафе машини софия,0,15,0%,11.8
кафемашина bosch,0,15,0%,27.13
siemens surpresso,0,15,0%,54.4
saeco intelia цена,0,14,0%,1.93
ремонт на кафеавтомати,0,14,0%,4
ремонт кафе машини,0,14,0%,5.07
philips saeco syntia,0,14,0%,5.29
кафе машина saeco цена,0,14,0%,8.14
saeco giro plus,0,14,0%,11.29
кафемашини професионални,0,14,0%,12.43
евтини кафе машини,0,14,0%,12.57
siemens surpresso s40,0,14,0%,26.64
delonghi esam 5600 perfecta,0,14,0%,29.93
saeco moltio,0,13,0%,1.77
ремонт на кафе машини софия,0,13,0%,3.77
интелия,0,13,0%,7.31
части за кафемашини,0,13,0%,8.38
професионални кафемашини,0,13,0%,11.54
кафе машини професионални,0,13,0%,12.85
кафе автомат,0,13,0%,23.85
incanto rondo,0,13,0%,69
делонги есам,0,12,0%,1
saeco кафе автомат,0,12,0%,3.83
машина saeco,0,12,0%,7
saeco incanto de luxe s-class,0,12,0%,8.17
saeco сервиз,0,12,0%,11.33
автоматична кафе машина,0,12,0%,12.25
робот кафе машина,0,12,0%,12.25
кафе автомати за дома,0,12,0%,15.75
saeco philips xsmall,0,12,0%,31.92
jura кафемашини,0,12,0%,44.58
delonghi kaffeevollautomat perfecta esam 5400,0,12,0%,48
de longhi prima donna avant,0,12,0%,50.75
incanto de luxe,0,12,0%,64.75
saeco talea touch titan,0,12,0%,69
delongi primadona,0,11,0%,1
кафе машини саеко цени,0,11,0%,3.18
exprelia saeco,0,11,0%,3.36
saeco deluxe,0,11,0%,5.09
миялна машина втора ръка,0,11,0%,10.91
delonghi perfecta graphic touch,0,11,0%,11
кафе машини робот,0,11,0%,12.64
кафемашини роботи,0,11,0%,18.73
кафемашина делонги магнифика,0,11,0%,23.45
saeco s class incanto deluxe,0,10,0%,3.2
сервиз на кафе машини,0,10,0%,3.3
ремонт на кафемашини крупс,0,10,0%,4.6
saeco royal digital инструкция,0,10,0%,5.8
резервни части за кафемашини,0,10,0%,6.9
saeco group,0,10,0%,9.1
цедки за кафемашини,0,10,0%,9.5
кафе машини роботи,0,10,0%,27.7
магазин за кафе машини,0,10,0%,30.7
rotel kaffeemaschine,0,10,0%,40.3
delonghi esam 5600,0,10,0%,41.8
accademia gaggia,0,10,0%,46.4
saeco kaffeevollautomat xsmall,0,10,0%,61
delonghi esam 6700,0,10,0%,64.3
кафемашини автомати,0,10,0%,65.8
кофемашина saeco incanto de luxe,0,10,0%,73.7
saeco de luxe,0,9,0%,1
ремонт на електроуреди,0,9,0%,5.78
делонги примадонна,0,9,0%,6.22
saeco цена,0,9,0%,6.56
saeco idea,0,9,0%,7
саеко минуто инструкция,0,9,0%,7.56
ремонт на платки,0,9,0%,9.11
saeco office,0,9,0%,9.44
kafe mashina,0,9,0%,13.44
turmix just touch,0,9,0%,14.56
gaggia кафемашина,0,9,0%,31.56
професионални кафе автомати,0,9,0%,39.44
автоматични кафе машини,0,9,0%,45.11
krups xp,0,9,0%,55.67
primea touch,0,9,0%,58.33
saeco primea duo,0,9,0%,60.11
кафемашини сервиз,0,8,0%,3.25
delonghi капучино,0,8,0%,3.5
saeco odea go инструкция,0,8,0%,6
saeco xsmall hd8743,0,8,0%,6.62
saeco hd8761,0,8,0%,7.38
италиански кафе машини,0,8,0%,9.12
кафе машина професионална,0,8,0%,10.25
philips xsmall,0,8,0%,11.12
италиански кафемашини,0,8,0%,11.38
кафе машина делонги,0,8,0%,14.5
saeco incanto rondo s-class,0,8,0%,21.88
siemens surpresso compact pure white,0,8,0%,42.62
incanto deluxe,0,8,0%,46.75
saeco primea cappuccino ring,0,8,0%,78.12
kaffeevollautomat saeco primea,0,8,0%,80
saeco royal classic,0,8,0%,90.5
saeco ring plus,0,7,0%,4.71
saeco xsmall plus,0,7,0%,6.71
промишлени кафемашини,0,7,0%,9.14
royal saeco,0,7,0%,9.29
satrap,0,7,0%,9.43
сервиз saeco,0,7,0%,10.71
primotecq fust,0,7,0%,21.14
кафе машина bosch,0,7,0%,24.86
автоматични кафемашини,0,7,0%,26.71
saeco incanto инструкция,0,7,0%,28.29
машина за кафе за продажба,0,7,0%,60.43
саеко xsmall,0,6,0%,1.17
delonghi ecam 25452,0,6,0%,3.33
bosch benvenuto,0,6,0%,3.67
arte 2000,0,6,0%,4.5
сервиз за миялни машини,0,6,0%,4.67
gaggia up,0,6,0%,4.83
delonghi magnifica s настройка,0,6,0%,5.83
конфорта,0,6,0%,7.5
hd8761 saeco,0,6,0%,8.67
esam5500,0,6,0%,8.83
saeco deluxe incanto,0,6,0%,9
saeco xsmall инструкция,0,6,0%,11
професионални машини за кафе,0,6,0%,11
кафе машина автомат,0,6,0%,11.67
кафе машини цена,0,6,0%,12.67
евтини кафемашини,0,6,0%,12.83
philips xsmall saeco,0,6,0%,13.67
ремонт миялни машини,0,6,0%,14.17
кафе оборудване,0,6,0%,18.17
saeco granbaristo,0,6,0%,21.33
кафемашини delonghi,0,6,0%,23
delonghi primadonna esam 6600,0,6,0%,29.33
кафе машина philips saeco,0,6,0%,32.5
philips saeco xsmall hd8743,0,6,0%,38.67
gaggia accademia,0,6,0%,40.5
turmix kaffeemaschine,0,6,0%,41.5
incanto deluxe saeco,0,6,0%,43
delonghi esam 6600,0,6,0%,45.17
delonghi prima donna esam 6600,0,6,0%,57.33
kaffeevollautomat saeco incanto,0,6,0%,61.17
saeco talea ring plus 2,0,6,0%,68.67
intensa ecam,0,6,0%,72.33
saeco royal professional,0,6,0%,89
кафе машина делонги магнифика,0,5,0%,1
delonghi prima donna,0,5,0%,2.8
кафеавтомат делонги втора ръка,0,5,0%,3.6
syntia,0,5,0%,5
кафе автомат саеко цена,0,5,0%,5.4
fust primoteq,0,5,0%,7
hd8760,0,5,0%,8.2
кафе роботи,0,5,0%,8.4
цх,0,5,0%,9.2
saeco sirius,0,5,0%,9.8
saeco incanto deluxe s-class,0,5,0%,11.4
кафемашина делонги,0,5,0%,13
делонги магнифика,0,5,0%,14
кафе автомати delonghi,0,5,0%,17
кофемашина saeco minuto инструкция,0,5,0%,18
saeco incanto инструкция на русском,0,5,0%,23.8
кофемашина saeco incanto инструкция,0,5,0%,33.8
benvenuto b30,0,5,0%,37.8
gaggia brera,0,5,0%,39.6
кафемашина филипс саеко,0,5,0%,41.8
odea giro exklusiv,0,5,0%,47.8
кафе машини автомати,0,5,0%,55.8
delonghi esam,0,5,0%,59.4
кофемашина gaggia titanium,0,5,0%,67.4
филипс саеко синтия,0,4,0%,1
saeco odea giro цена,0,4,0%,1.75
ремонт на хладилници,0,4,0%,1.75
siemens s40,0,4,0%,2.5
incanto de luxe saeco,0,4,0%,3.5
ремонт на кафемашини в софия,0,4,0%,3.5
магазин за резервни части за кафемашини софия,0,4,0%,4
ремонт на машини,0,4,0%,4.75
satrap espresso,0,4,0%,5
професионална кафе машина втора ръка,0,4,0%,6.75
delonghi,0,4,0%,8
mashinite bg,0,4,0%,9.75
кафе машини автомат,0,4,0%,10.75
talea ring plus saeco,0,4,0%,11.25
професионални съдомиялни,0,4,0%,11.25
кафе машини bosch,0,4,0%,12
odea,0,4,0%,17.5
hd8761,0,4,0%,21.25
ремонт на съдомиялна,0,4,0%,23.5
odea go,0,4,0%,35
saeco s-class incanto deluxe,0,4,0%,39.25
primadonna avant esam 6700,0,4,0%,50.5
primea cappuccino touch plus,0,4,0%,54.25
incanto rondo s-class,0,4,0%,56.75
gaggia schweiz,0,4,0%,63.5
кафемашини филипс саеко,0,4,0%,65
krups,0,4,0%,67.25
saeco primea cappuccino ring new edition,0,4,0%,85.75
intensa ecam 23.210,0,4,0%,91.25
intensa ecam 23.450,0,4,0%,92
rotel,0,4,0%,93.75
delonghi 6600 primadonna,0,3,0%,1
delonghi primadona,0,3,0%,1
saeco cappuccino,0,3,0%,1
saeco digital,0,3,0%,1
saeco incanto s-class,0,3,0%,1
saeco sirius incanto,0,3,0%,1
saeco minuto цена,0,3,0%,1.33
кафеавтомат saeco incanto,0,3,0%,1.33
сервиз за кафемашини долче густо,0,3,0%,1.67
сервиз на бош за електроуреди,0,3,0%,1.67
сервиз съдомиялни,0,3,0%,1.67
сервиз крупс софия,0,3,0%,2
delonghi magnifica esam 4400,0,3,0%,3.33
delonghi perfecta 5400,0,3,0%,3.33
saeco sintia,0,3,0%,4
saeco black go,0,3,0%,4.33
да,0,3,0%,6.33
machini,0,3,0%,6.67
поправка на хладилници,0,3,0%,7.33
delonghi кафемашина,0,3,0%,7.67
машина кафе,0,3,0%,7.67
exprelia,0,3,0%,8
saecco,0,3,0%,8
kafe avtomat,0,3,0%,8.33
delonghi ecam22.110.sb,0,3,0%,8.67
ecam 23.450.s,0,3,0%,8.67
incanto saeco,0,3,0%,8.67
кафе машина бош,0,3,0%,8.67
кафемашина saeco инструкция,0,3,0%,8.67
excelento,0,3,0%,9
магазин за кафемашини,0,3,0%,9.33
сайко,0,3,0%,11.67
kafeavtomat,0,3,0%,12
минуто,0,3,0%,12
kafemashina,0,3,0%,13.67
автомати за кафе,0,3,0%,15.33
saeco deluxe magic,0,3,0%,16
surpresso s40,0,3,0%,17.33
delonghi ecam 23.450,0,3,0%,19
delonghi magnifica esam 4000,0,3,0%,19.33
odea giro saeco,0,3,0%,20
xsmall philips saeco,0,3,0%,20.67
xsmall saeco,0,3,0%,21.67
saeco magic deluxe,0,3,0%,23
delonghi esam3300,0,3,0%,26
saeco incanto classic инструкция,0,3,0%,26
саеко инканто инструкция,0,3,0%,26.67
кафемашини делонги,0,3,0%,31
giro plus,0,3,0%,31.67
philips saeco xsmall manual pdf,0,3,0%,37.33
gaggia titanium prezzi,0,3,0%,38.67
rotel kaffeevollautomat,0,3,0%,57
кафе автомати нови цени,0,3,0%,57.67
saeco primea espressomaschinen,0,3,0%,58.33
incanto rondo plus,0,3,0%,70.33
saeco incanto rondò,0,3,0%,85.67
gaggia,0,3,0%,86.67
delonghi primadonna s de luxe,0,3,0%,90.33
krups xp 7240,0,3,0%,90.33
23210,0,2,0%,1
benvenuto b30 bosch,0,2,0%,1
delonghi cappuccino,0,2,0%,1
delonghi magnifica perfecta,0,2,0%,1
delonghi perfect,0,2,0%,1
delongi perfekta,0,2,0%,1
delongi prima dona,0,2,0%,1
koenig just touch,0,2,0%,1
philips saeco minuto,0,2,0%,1
saeco evo,0,2,0%,1
saeco incanto delux,0,2,0%,1
saeco incanto s class de luxe,0,2,0%,1
saeco inkanto,0,2,0%,1
saeco touch,0,2,0%,1
делонги магнифика пронто капучино,0,2,0%,1
кафе автомати philips,0,2,0%,1
ремонт на миялна машина софия,0,2,0%,1
талеа,0,2,0%,1
delonghi perfecta esam 5600,0,2,0%,1.5
fust primoteco,0,2,0%,1.5
saeco royal office kaffeevollautomat silber hardware/electronic,0,2,0%,1.5
saeco s-class incanto de luxe,0,2,0%,1.5
части за кафе машини,0,2,0%,1.5
intelia evo saeco,0,2,0%,2
saeco incanto classic s-class,0,2,0%,2
сервиз бош софия,0,2,0%,2
talea giro plus,0,2,0%,2.5
кафе машина за капучино,0,2,0%,2.5
ремонт на съдомиялни софия,0,2,0%,2.5
fust primotec,0,2,0%,3
кафенашина,0,2,0%,3
сервиз електроуреди,0,2,0%,3
delonghi primadonna 6600,0,2,0%,3.5
talea,0,2,0%,3.5
fust primotecq microwave,0,2,0%,4
gaggia platinum swing up,0,2,0%,4
saeco incanto de luxe цена,0,2,0%,4
кофемашина швейцария,0,2,0%,4
esam 3300,0,2,0%,4.5
delonghi primadonna esam 6600 цена,0,2,0%,5
поправка на съдомиялни машини,0,2,0%,5
сервиз за кафемашини варна,0,2,0%,5
delonghi ecam 23.450 service manual,0,2,0%,5.5
delonghi magnifica s инструкция,0,2,0%,5.5
esam 4000,0,2,0%,5.5
saeco hd8743,0,2,0%,6
марка кафемашини,0,2,0%,6
machine café saeco,0,2,0%,7
saeco kafe mashina,0,2,0%,7
philips saeco xsmall hd8745,0,2,0%,7.5
саико,0,2,0%,7.5
saeco incanto deluxe hd8921,0,2,0%,8
професионална кафе машина за заведение,0,2,0%,8
ecam22.110.sb,0,2,0%,8.5
saeci,0,2,0%,8.5
saeco intelia evo bella,0,2,0%,8.5
кафе мачини,0,2,0%,8.5
"delonghi esam5500b perfecta digital super-automatic espresso machine, black 
(renewed)",0,2,0%,9
philips saeco incanto deluxe,0,2,0%,9
инструкция saeco minuto,0,2,0%,9
кафе машини dolce gusto,0,2,0%,9
кафе машини делонги,0,2,0%,9
разпродажба на съдомиялни,0,2,0%,9
in touch plus,0,2,0%,9.5
delonghi magnifica esam4000,0,2,0%,10
инструкция за използване,0,2,0%,10
кафемашина за капучино,0,2,0%,10
saeco intuita инструкция,0,2,0%,10.5
de'longhi magnifica s cappuccino,0,2,0%,11
италианска кафемашина,0,2,0%,11.5
кафемашини робот,0,2,0%,11.5
кафемашини варна,0,2,0%,12
кофемашина saeco incanto инструкция на русском,0,2,0%,12
magnifica s,0,2,0%,12.5
професионални кафе машини под наем,0,2,0%,12.5
миялни машини,0,2,0%,13
кафемашина или кафе машина,0,2,0%,13.5
примадона,0,2,0%,13.5
delonghi 23210,0,2,0%,14
dolce gusto машина,0,2,0%,14
breville кафемашина,0,2,0%,15.5
delonghi 22.110,0,2,0%,16
кафе машина delonghi magnifica,0,2,0%,16
ремонт съдомиялни софия,0,2,0%,16
ръкохватки за кафемашини,0,2,0%,17
ремонт на съдомиялни,0,2,0%,17.5
делонги магнифика s,0,2,0%,18
кофемашина saeco incanto инструкция и очистка от накипи,0,2,0%,18.5
ремонт на бойлери,0,2,0%,18.5
saeco royal gran crema,0,2,0%,19
кафемашини gaggia,0,2,0%,19.5
технополис кафемашини саеко,0,2,0%,21.5
incanto saeco deluxe,0,2,0%,23
saeco xsmall manual,0,2,0%,23
xsmall,0,2,0%,23
кафе машина за офис,0,2,0%,24
saeco xsmall vízkőtelenítés,0,2,0%,26
satrap kaffeemaschine,0,2,0%,26
saeco xsmall philips,0,2,0%,29
delonghi magnifica esam 3300,0,2,0%,34.5
кофемашина saeco значки на дисплее,0,2,0%,37
saeco minuto kaffeevollautomat,0,2,0%,39
робот кафе,0,2,0%,39
minuto saeco,0,2,0%,42.5
ring plus,0,2,0%,43
кафемашини бош,0,2,0%,46
saeco de luxe incanto,0,2,0%,52
solis kaffeemaschinen,0,2,0%,52
кофемашина saeco incanto sirius,0,2,0%,54
кофемашина saeco odea giro,0,2,0%,56.5
delonghi esam 5450,0,2,0%,60.5
кофемашина saeco talea giro,0,2,0%,61
delonghi esam 4000 magnifica,0,2,0%,65
кофемашина пишет вставьте узел подачи воды,0,2,0%,65.5
кафе машини или,0,2,0%,67
solis,0,2,0%,72.5
siemens compact surpresso,0,2,0%,73.5
вставьте узел подачи воды кофемашина delonghi,0,2,0%,73.5
коды ошибок кофемашина филипс значки неисправности,0,2,0%,74
кофемашина delonghi ecam 23.460 b инструкция,0,2,0%,75
siemens surpresso compact pure black,0,2,0%,76
saeco odea go vanille,0,2,0%,76.5
de longhi esam,0,2,0%,77.5
saeco coffee machines,0,2,0%,77.5
delonghi perfecta deluxe,0,2,0%,78
talea ring plus,0,2,0%,86.5
solis schweiz,0,2,0%,88.5
solis suisse,0,2,0%,90.5
кофемашина delonghi горит индикатор воды,0,2,0%,97
kaffeemaschine bosch,0,2,0%,99
aeg сервиз,0,1,0%,1
delonghi 4400,0,1,0%,1
delonghi 5400,0,1,0%,1
delonghi magnifica 2018,0,1,0%,1
delonghi perfecta esam 5500,0,1,0%,1
delonghi perfecta esam5400,0,1,0%,1
delonghi perfekta,0,1,0%,1
delonghi primadonna esam6600,0,1,0%,1
delongi capucino,0,1,0%,1
delongi esam,0,1,0%,1
energy saving кофемашина saeco,0,1,0%,1
esam 5400,0,1,0%,1
krups сервиз,0,1,0%,1
philips saeco intelia evo,0,1,0%,1
philips saeco intuita,0,1,0%,1
royal office,0,1,0%,1
saeco classic,0,1,0%,1
saeco giro odea,0,1,0%,1
saeco hd8760,0,1,0%,1
saeco magic de luxe,0,1,0%,1
saeco super idea,0,1,0%,1
saeco touch plus,0,1,0%,1
saeco xselsis,0,1,0%,1
siemens supresso s40,0,1,0%,1
sirius s,0,1,0%,1
solis palazzo coffee machine,0,1,0%,1
tur mix,0,1,0%,1
was kosten die,0,1,0%,1
делонги кафе машина,0,1,0%,1
делонги перфекто капучино,0,1,0%,1
италианска кафе машина,0,1,0%,1
какъв модел е,0,1,0%,1
колко тежи,0,1,0%,1
кофемашина саеко кселсис,0,1,0%,1
омрон сервиз софия,0,1,0%,1
ремонт хладилници софия,0,1,0%,1
саеко молтио,0,1,0%,1
сервиз кафе,0,1,0%,1
сервиз миялни машини софия,0,1,0%,1
сименс с40,0,1,0%,1
техник за съдомиялна,0,1,0%,1
цедка за кафе,0,1,0%,1
delonghi cappuccino ecam,0,1,0%,2
delonghi esam 6600 primadonna,0,1,0%,2
delonghi prima donna s,0,1,0%,2
delonghi primadonna s инструкция,0,1,0%,2
delonghi примадонна,0,1,0%,2
esam 5600,0,1,0%,2
s class incanto de luxe saeco,0,1,0%,2
talea touch saeco,0,1,0%,2
инструкция на русском,0,1,0%,2
интернет магазин бытовой техники,0,1,0%,2
машини,0,1,0%,2
ремонт машини,0,1,0%,2
ремонт на съдомиялни машини,0,1,0%,2
ремонт на съдомиялни машини софия,0,1,0%,2
ремонт саеко,0,1,0%,2
сервиз за хладилници,0,1,0%,2
части за съдомиялна,0,1,0%,2
الثمن,0,1,0%,2
bosch сервиз,0,1,0%,3
de'longhi cappuccino,0,1,0%,3
intuita saeco,0,1,0%,3
odea saeco,0,1,0%,3
seaco xelsis,0,1,0%,3
talea giro,0,1,0%,3
кафе робот saeco,0,1,0%,3
ремонт на вендинг машини,0,1,0%,3
ръководството,0,1,0%,3
сервиз хладилници,0,1,0%,3
conforta,0,1,0%,4
de'longhi magnifica esam3300,0,1,0%,4
delonghi magnifica esam3300,0,1,0%,4
кофемашина delonghi esam 5500,0,1,0%,4
кофемашина saeco odea giro plus,0,1,0%,4
настройки,0,1,0%,4
ремонт кафе,0,1,0%,4
de'longhi esam3300,0,1,0%,5
de'longhi esam3300 magnifica,0,1,0%,5
delonghi perfecta esam,0,1,0%,5
esam 5500 delonghi,0,1,0%,5
magnifica esam 3300,0,1,0%,5
philips saeco xsmall manual,0,1,0%,5
primadonna delongi,0,1,0%,5
syntia saeco,0,1,0%,5
декалциране,0,1,0%,5
домашен майстор,0,1,0%,5
евтини кафемелачки,0,1,0%,5
кафе машина крупс упътване,0,1,0%,5
поправка на електроуреди,0,1,0%,5
професионална кафемашина втора ръка,0,1,0%,5
ремонт кофеварок,0,1,0%,5
сервиз саеко софия,0,1,0%,5
23.450,0,1,0%,6
caeko,0,1,0%,6
esam 5500,0,1,0%,6
machines service,0,1,0%,6
primadonna avant,0,1,0%,6
saeco incanto de luxe s class инструкция на български,0,1,0%,6
saeco x small,0,1,0%,6
surpresso compact siemens,0,1,0%,6
крупс сервиз,0,1,0%,6
первая эспрессо машина,0,1,0%,6
ракохватка,0,1,0%,6
сервиз за кафемашини отзиви,0,1,0%,6
филтър,0,1,0%,6
delonghi perfecta cappuccino esam5500,0,1,0%,7
delonghi ремонт кофемашин,0,1,0%,7
ecam 22.110,0,1,0%,7
ecam 22.360,0,1,0%,7
philips saeco xsmall models hd8743 hd8745 hd8747,0,1,0%,7
saeco talea ring plus manual,0,1,0%,7
solis ch,0,1,0%,7
евтини съдомиялни,0,1,0%,7
най добрите професионални кафемашини,0,1,0%,7
delonghi perfecta 5500,0,1,0%,8
delonghi perfecta cappuccino esam 5500,0,1,0%,8
intelia saeco,0,1,0%,8
saeca,0,1,0%,8
инструкция,0,1,0%,8
качествени кафемелачки,0,1,0%,8
саэко,0,1,0%,8
de'longhi primadonna avant,0,1,0%,9
delonghi esam 5600 s ex2,0,1,0%,9
delonghi pronto cappuccino,0,1,0%,9
intelia,0,1,0%,9
plus giro,0,1,0%,9
primotecq hersteller,0,1,0%,9
saeco black giro plus,0,1,0%,9
saeco odea go свети червено,0,1,0%,9
saeco xelsis cena,0,1,0%,9
автоматична кафемашина делонги,0,1,0%,9
италиански професионални кафе машини,0,1,0%,9
кофемашина,0,1,0%,9
настройка на кафемашина саеко роял,0,1,0%,9
покажи на картинке,0,1,0%,9
филипс саеко xsmall,0,1,0%,9
delonghi 3500,0,1,0%,10
delonghi magnifixa s,0,1,0%,10
dolce gusto servis,0,1,0%,10
ecam22.110.sb delonghi,0,1,0%,10
saeco firma,0,1,0%,10
кафемашини бг,0,1,0%,10
намаление на кафемашини,0,1,0%,10
профилактика на кафемашина крупс,0,1,0%,10
odea go saeco,0,1,0%,11
saeco royal plus,0,1,0%,11
xsmall saeco philips,0,1,0%,11
кафемашини краун,0,1,0%,11
кафемашини с мелене на кафе,0,1,0%,11
кофемашина saeco старые модели инструкция,0,1,0%,11
мелачка за кафе,0,1,0%,11
ремонт на прахосмукачка робот софия,0,1,0%,11
delonghi magnifica ремонт,0,1,0%,12
esam 5400 delonghi,0,1,0%,12
kafe masini,0,1,0%,12
remont,0,1,0%,12
кафе машини цени,0,1,0%,12
кафе робот philips,0,1,0%,12
кафема,0,1,0%,12
на кафе робот,0,1,0%,12
професионална кафе машина цена,0,1,0%,12
ремонт кофемашини,0,1,0%,12
saeco cafe,0,1,0%,13
евтина кафе машина,0,1,0%,13
евтини миялни машини,0,1,0%,13
еспресо кафе машина,0,1,0%,13
кафе машина на промоция,0,1,0%,13
кафемашина автомат,0,1,0%,13
кафемашина еспресо,0,1,0%,13
най добрите кафеавтомати,0,1,0%,13
професионален кафе автомат,0,1,0%,13
ремонт на кафе машина делонги,0,1,0%,13
ремонт на миялни машини софия,0,1,0%,13
саеко кофемашина,0,1,0%,13
delonghi magnifica s ecam 22.110,0,1,0%,14
автомати,0,1,0%,14
saeco go odea,0,1,0%,15
коя година е модела,0,1,0%,15
мнения на потребители,0,1,0%,15
настройка на смилане на кафе при кафе робот филипс саеко,0,1,0%,15
размери,0,1,0%,15
delonghi primadonna avant esam 6700,0,1,0%,16
philips saeco exprelia,0,1,0%,16
saeco saeco,0,1,0%,16
разглобяване,0,1,0%,16
delonghi magnifica s ecam22.110,0,1,0%,17
dolce gusto кафемашина,0,1,0%,17
saeco incanto cappuccino,0,1,0%,17
как се почиства,0,1,0%,17
ремонт електроуреди,0,1,0%,17
сервиз за бойлери,0,1,0%,17
philips saeco цена,0,1,0%,18
saeco odea giro инструкция,0,1,0%,18
de'longhi magnifica s ecam 22.110,0,1,0%,19
delongi magnifica s,0,1,0%,19
delonghı magnıfıca,0,1,0%,20
инструкция на български,0,1,0%,21
кафемашина гаджия,0,1,0%,21
еспресо машини,0,1,0%,22
инструкция по применению,0,1,0%,22
продавам кафемашина,0,1,0%,22
ремонт хладилници,0,1,0%,22
съдомиялни за вграждане,0,1,0%,22
delonghi magnifica esam 04.110,0,1,0%,26
delonghi esam 3400 r,0,1,0%,28
بكم هذي,0,1,0%,28
ръчна кафемашина saeco,0,1,0%,29
ca6702/10,0,1,0%,30
aeg сервиз софия,0,1,0%,31
delonghi intensa ecam 23.450,0,1,0%,31
delonghi кафемашини,0,1,0%,31
кафе машини еспресо,0,1,0%,31
magnifica rapid,0,1,0%,32
автоматични машини,0,1,0%,34
инструкция пользования,0,1,0%,34
delonghi 5600,0,1,0%,36
делонги капучино инструкция,0,1,0%,36
кафемашина saeco с ръкохватка,0,1,0%,36
saeco incanto preis,0,1,0%,39
saeco schweiz,0,1,0%,39
delonghi cappuccino perfecta,0,1,0%,40
saeco minuto hd8761 bedienungsanleitung,0,1,0%,40
слишком мелкий помол отрегулируйте кофемолку delonghi,0,1,0%,40
www philips com support,0,1,0%,41
gaggia gelateria,0,1,0%,44
saeco incanto de luxe silber,0,1,0%,45
кафе автомати цени,0,1,0%,45
saeco incanto de luxe купить,0,1,0%,48
solis switzerland,0,1,0%,48
incanto deluxe s class,0,1,0%,49
saeco odea go neupreis,0,1,0%,50
philips saeco,0,1,0%,51
saeco gran baristo,0,1,0%,51
кафемашини евтини,0,1,0%,52
saeco incanto kaffeevollautomat,0,1,0%,54
delonghi 6600,0,1,0%,55
kaffeemaschine saeco incanto,0,1,0%,55
кафе машина филипс саеко,0,1,0%,55
кофемашина delonghi вода в контейнере для гущи,0,1,0%,55
delonghi magnifica s plus,0,1,0%,58
saeco talea espressomaschinen,0,1,0%,59
saeco incanto deluxe review,0,1,0%,60
кофеварка saeco odea giro,0,1,0%,60
кофемашина saeco incanto deluxe,0,1,0%,60
philips saeco как пользоваться,0,1,0%,62
royal office saeco,0,1,0%,63
saeco rondo,0,1,0%,63
saeco kaffeevollautomat royal,0,1,0%,65
delonghi primadonna avant esam 6750,0,1,0%,66
fust primotecq grill,0,1,0%,67
koenig schweiz,0,1,0%,67
turmix espressomaschine,0,1,0%,67
saeco kaffeevollautomat incanto,0,1,0%,69
siemens surpresso compact preis,0,1,0%,69
kaffeemaschine delonghi perfecta,0,1,0%,70
saeco incanto classic s class,0,1,0%,70
va70,0,1,0%,71
кафемашина бош,0,1,0%,71
delonghi primadonna esam,0,1,0%,72
delonghi perfecta plus,0,1,0%,73
minuto,0,1,0%,75
ventilate кофемашина,0,1,0%,77
delonghi primadonna s deluxe,0,1,0%,78
кофемашина saeco granbaristo,0,1,0%,78
de longhi magnifica s,0,1,0%,80
delonghi espressomaskine,0,1,0%,80
koenig,0,1,0%,80
gaggia accademia glass,0,1,0%,82
saeco kaffeevollautomat royal professional,0,1,0%,82
saeco intuitia,0,1,0%,84
gaggia accademia kaufen,0,1,0%,86
кофемашина саеко инканто де люкс,0,1,0%,86
кофемашина delonghi вставьте узел подачи воды,0,1,0%,94
saeco royal coffee machine,0,1,0%,98
кофемашина saeco сброс настроек,0,1,0%,99
кофемашина delonghi застрял заварочный узел,0,1,0%,100